TITLE,SENTIMENT,SOURCE,DESCRIPTION,IMAGE
Cognitive Decline? Trump Appears to Forget Who He’s Running Against,-0.6511648,The New Republic,"Donald Trump is still not over the fact that he has to run against Kamala Harris, not Joe Biden.",https://s.yimg.com/uu/api/res/1.2/lIwDgRTHuJhKg3sQF2LT3A--~B/Zmk9c3RyaW07aD0yODQ7cT04MDt3PTUzNjthcHBpZD15dGFjaHlvbg--/https://media.zenfs.com/en/the_new_republic_521/6185e720783638a67450637d2c86a256.cf.jpg
Climate crisis is helping spread deadly mosquito viruses in the US,-0.9448448,Business Insider,Mosquito-borne illnesses like triple E and West Nile are rising due to climate change and travel.,https://s.yimg.com/uu/api/res/1.2/TdX97i53XeBqnJvMqQhi.w--~B/Zmk9c3RyaW07aD0yODQ7cT04MDt3PTUzNjthcHBpZD15dGFjaHlvbg--/https://media.zenfs.com/en/business_insider_articles_888/2566aa7f07ce8cdb1c174c6a060d50d9.cf.jpg
White House secures release of 135 political prisoners in Nicaragua,0.17572626,Miami Herald,"The Biden administration said Thursday it had secured the release of 135 “unjustly detained political prisoners” in Nicaragua on humanitarian grounds, including 13 members of a Texas-based missionary organization.",https://s.yimg.com/uu/api/res/1.2/nV718WMOl7RZcNdMzL4CTg--~B/Zmk9c3RyaW07aD0yODQ7cT04MDt3PTUzNjthcHBpZD15dGFjaHlvbg--/https://media.zenfs.com/en/miami_herald_mcclatchy_975/3f6cf239b6fe9bfff2d4530d85ff3f1a.cf.jpg
"Georgia high school shooting: 14-year-old suspect who killed 4, injured 9 was previously investigated in 2023 for online threats",-0.791326,Yahoo News,Officials confirmed that the suspect in had been investigated in 2023 over threats about a school shooting.,https://s.yimg.com/uu/api/res/1.2/r8T8oB2okDDtVQVcUzi06Q--~B/Zmk9c3RyaW07aD0yODQ7cT04MDt3PTUzNjthcHBpZD15dGFjaHlvbg--/https://s.yimg.com/os/creatr-uploaded-images/2024-09/e094ee50-6ae0-11ef-97fb-41d5f881beef.cf.jpg
Autopsies Show Four on Mike Lynch’s Yacht ‘Dry Drowned’,-0.06893226,The Daily Beast,"Four of the dead passengers who went down with the 184-foot luxury yacht Bayesian off the coast of Sicily on August 19 during a storm likely ran out of oxygen while trapped in an air pocket in one of the cabins of on the submerged ship, according to autopsies released Wednesday. Medical Examiners at the Forensic Medicine Institute of the Palermo Polyclinic hospital stated that Chris Morvillo, his wife Neda Morvillo, Morgan Stanley executive Jonathan Bloomer and his wife Anne Bloomer died from “a",https://s.yimg.com/uu/api/res/1.2/vE.ZG9moSYHgGgOROk1e2A--~B/Zmk9c3RyaW07aD0yODQ7cT04MDt3PTUzNjthcHBpZD15dGFjaHlvbg--/https://media.zenfs.com/en/thedailybeast.com/6c4dea1033a3321ae83b804ce49ba766.cf.jpg
The new dimension to Dolphins’ offense this year. What Smith can unlock. And injury news,0.32769847,Miami Herald,A look at how Jonnu Smith’s signing adds a new dimension to the Miami Dolphins’ offense,https://s.yimg.com/uu/api/res/1.2/C7bFs87HNR88bXXRbCjFOw--~B/Zmk9c3RyaW07aD0yODQ7cT04MDt3PTUzNjthcHBpZD15dGFjaHlvbg--/https://media.zenfs.com/en/miami_herald_mcclatchy_975/703d293ec189f06451a648dc1ad83c7e.cf.jpg
Whoopi Goldberg Slams ABC—and ICE—for Allowing Anna Delvey on ‘DWTS’,-0.21941663,The Daily Beast,"Whoopi Goldberg is not happy about her employer ABC’s decision to cast convicted con artist Anna Delvey on the upcoming season of Dancing With the Stars.“I think back to all the families who’ve had family members arrested by ICE who have gone to the courts to get their dad or their brother or their mother back,” Goldberg said on The View Thursday after a clip played of Delvey joking about dressing up her ankle monitor and stating she wasn’t nervous to appear on the show since they can’t “arrest",https://s.yimg.com/uu/api/res/1.2/aNGiXZyJa.s.UYy06kAJQQ--~B/Zmk9c3RyaW07aD0yODQ7cT04MDt3PTUzNjthcHBpZD15dGFjaHlvbg--/https://media.zenfs.com/en/thedailybeast.com/6f335e4a33d1c68a9a46a3400ad0072f.cf.jpg
Restaurantera de Folsom no ha pagado renta en tres meses. Dice que tiene derecho a quedarse,-0.15608925,Sacramento Bee,"El restaurante cuenta con una terraza al aire libre con asientos con vista a la franja de tres cuadras de tiendas, restaurantes y bares del histórico Folsom.",https://s.yimg.com/uu/api/res/1.2/p8dEI.YOY3R6Cxj2z5OCFw--~B/Zmk9c3RyaW07aD0yODQ7cT04MDt3PTUzNjthcHBpZD15dGFjaHlvbg--/https://media.zenfs.com/es/sacramento_bee_mcclatchy_569/095ec914c39ebc2aa4f4c3cf66dba63d.cf.jpg
America’s Grandparents Have New Reason to Hate JD Vance,-0.86924356,The Daily Beast,"JD Vance said his solution to the rising cost of daycare is asking family members to pitch in and abolishing “ridiculous” certifications for child care workers.“Maybe grandpa and grandma want to help a little bit more. Maybe there’s an uncle or aunt who wants to help a little bit more,” the GOP vice presidential nominee told Charlie Kirk at a Turning Point USA event on Wednesday.According to Vance, for those without access to family members, “empowering people to get the skills they need” is cru",https://s.yimg.com/uu/api/res/1.2/.pECfJ0i_d6k93HI1xJzyw--~B/Zmk9c3RyaW07aD0yODQ7cT04MDt3PTUzNjthcHBpZD15dGFjaHlvbg--/https://media.zenfs.com/en/thedailybeast.com/14519490d555064b477ef527fd1d8900.cf.jpg
"As Ramsey misses another practice, the Dolphins secondary has more questions than answers",-0.7211998,Miami Herald,The starting secondary has barely practiced together since the beginning of training camp and Jalen Ramsey’s hamstring injury only further complicates things.,https://s.yimg.com/uu/api/res/1.2/F8eUdSu0ZV.PAv6ZBGt4yA--~B/Zmk9c3RyaW07aD0yODQ7cT04MDt3PTUzNjthcHBpZD15dGFjaHlvbg--/https://media.zenfs.com/en/miami_herald_mcclatchy_975/7ef595fc3471e12eb969824fb6f93cae.cf.jpg
Chipotle and Cheesecake Factory among Miami to Palm Beach restaurant inspection failures,-0.6489409,Miami Herald,See which restaurant was covered with sewage.,https://s.yimg.com/uu/api/res/1.2/8vba5QeLuKnx2QbqXGLi0A--~B/Zmk9c3RyaW07aD0yODQ7cT04MDt3PTUzNjthcHBpZD15dGFjaHlvbg--/https://media.zenfs.com/en/miami_herald_mcclatchy_975/c364a254f16a0ed3a693042af5f40a15.cf.jpg
A Gen Xer who grew her savings from $50k to $350k in 10 years shares the FIRE methods she's using to get to $1 million,0.4531071,Business Insider,A Gen Xer shares the FIRE strategies she uses to reach $1 million in savings and retire by age 55.,https://s.yimg.com/uu/api/res/1.2/6ziuhDcfKBycKt_ROXYGiA--~B/Zmk9c3RyaW07aD0yODQ7cT04MDt3PTUzNjthcHBpZD15dGFjaHlvbg--/https://media.zenfs.com/en/business_insider_articles_888/b63ecbdc8662ce120ff63c444870f448.cf.jpg
JD Vance will join Tucker Carlson on stage after the ex-Fox News anchor hosted a pro-Nazi historian,-0.27686852,Salon,The appearance comes after Carlson used his web show to promote Holocaust revisionism,https://s.yimg.com/uu/api/res/1.2/2BzMV41toRkwkNQes8dUqg--~B/Zmk9c3RyaW07aD0yODQ7cT04MDt3PTUzNjthcHBpZD15dGFjaHlvbg--/https://media.zenfs.com/en/salon_articles_879/cfa77227842983cb4ef70f0368366cfa.cf.jpg
Video,0.20887172,Space,"On Sept. 5, 1977, Voyager 1 began its epic journey through deep space with a glorious morning launch from Cape Canaveral, Florida. Voyager 1 initially launched on a mission to explore the outer planets. After flying by Jupiter and Saturn in 1979 and 1980, the spacecraft took a sharp turn and started heading straight out of the solar system. Voyager 1 became the first spacecraft to reach interstellar space in 2012, although scientists are still debating about exactly where that boundary lies. The",https://s.yimg.com/uu/api/res/1.2/nL3_tUBqiko0_i0ncW.xog--~B/Zmk9c3RyaW07aD0yODQ7cT04MDt3PTUzNjthcHBpZD15dGFjaHlvbg--/https://media.zenfs.com/en/thedailybeast.com/e27a7d50dbfc7ce716c80f3101fe5cc7.cf.jpg
French Woman Drugged and Raped for 10 Years Gives Shock Testimony,-0.7099766,The Daily Beast,"A French woman who was drugged and raped by her husband and dozens of other men for over a decade testified Thursday at a trial that has shocked the world.Gisèle Pélicot, 72, gave evidence in an Avignon court, where 51 men including her spouse of 50 years face rape charges. Dominique Pélicot, 71, admitted to police that he derived satisfaction from observing other men rape his unconscious wife, according to court documents.“My world is falling apart, for me, everything is falling apart” is how G",https://s.yimg.com/uu/api/res/1.2/MGu99bZ6onXd4kCAX44diw--~B/Zmk9c3RyaW07aD0yODQ7cT04MDt3PTUzNjthcHBpZD15dGFjaHlvbg--/https://media.zenfs.com/en/salon_articles_879/395062b0a3b4245c5956f567f77be1da.cf.jpg
How a surprise visit from Martha Stewart inspired a restaurant's signature egg dish,0.62643564,Salon,"""I made this dish the first evening I cooked for her at Bedford Post Inn""",https://s.yimg.com/uu/api/res/1.2/vyJGkihcTKnW4WDBfr5aeQ--~B/Zmk9c3RyaW07aD0yODQ7cT04MDt3PTUzNjthcHBpZD15dGFjaHlvbg--/https://media.zenfs.com/en/business_insider_articles_888/95f0e181f09bf67a44616c2d02c5bc46.cf.jpg
A federal court just dealt a blow to 30 million student-loan borrowers by blocking Biden from carrying out his second try at broad debt cancellation,-0.82368773,Business Insider,A federal court put a temporary restraining order on Biden's second try at broad student-loan forgiveness that was set to be carried out next month.,https://s.yimg.com/uu/api/res/1.2/xF0yeRSLQa_IB.5vkgHvJQ--~B/Zmk9c3RyaW07aD0yODQ7cT04MDt3PTUzNjthcHBpZD15dGFjaHlvbg--/https://media.zenfs.com/en/insider_articles_922/b1567e2a1733a20e750a900e465f160a.cf.jpg
Here's what every member of the Trump family is up to after leaving the White House,-0.21568356,INSIDER,"Members of the Trump family attended the 2024 Republican National Convention, including rare appearances from Melania Trump and Ivanka Trump.",https://s.yimg.com/uu/api/res/1.2/bVYRa0dCt.MOGu6rwGaVjA--~B/Zmk9c3RyaW07aD0yODQ7cT04MDt3PTUzNjthcHBpZD15dGFjaHlvbg--/https://media.zenfs.com/en/thedailybeast.com/4a76da8061ebe0ed0d49748c19efd60c.cf.jpg
WATCH: Powerlifting Paralympics 2024 Stars Stun the World Lifting Triple Their Bodyweight,0.081142135,The Daily Beast,"The jaw-dropping athleticism of the powerlifting Paralympic stars at the 2024 Paris Paralympics has been leaving viewers awestruck as competitors from around the world defy the odds and break world records. Venezuela’s Clara Fuentes won gold in the women’s up to 50-kilogram category on Thursday, lifting an astonishing 124kg. The day before, China’s Guo Lingling twice shattered the world record she set in February by lifting 122kg and 123kg—more than three times her body weight—and winning her fi",https://s.yimg.com/uu/api/res/1.2/spE3oJKjf1VW_PfLCgTukg--~B/Zmk9c3RyaW07aD0yODQ7cT04MDt3PTUzNjthcHBpZD15dGFjaHlvbg--/https://media.zenfs.com/en/thedailybeast.com/d73e945908fedf1dcf44d6a0692e52c1.cf.jpg
U.S. Open Final Inching Closer to Battle of 2 Billionaire Families,0.04027518,The Daily Beast,"Their nationality and tennis prowess aren’t the only things Emma Navarro and Jessica Pegula have in common. The American tennis stars, each just one win away from clinching a spot in the U.S. Open’s singles final, are also the daughters of billionaires who’ve each played down their privilege after entering the international spotlight. Pegula, 30, is the daughter of Terry Pegula, the owner of the NFL’s Buffalo Bills, the NHL’s Buffalo Sabres and founder of natural gas company, East Resources. He’",https://s.yimg.com/uu/api/res/1.2/JRKD3eVllYWwm8PIw6315Q--~B/Zmk9c3RyaW07aD0yODQ7cT04MDt3PTUzNjthcHBpZD15dGFjaHlvbg--/https://media.zenfs.com/en/business_insider_articles_888/1d164c7a44b0f8e77b4478f643a560b1.cf.jpg
The economy is at a fork in the road,-0.5342448,Business Insider,"The economy could go one of two ways in the near future, and one last data point may make it clear.",https://s.yimg.com/uu/api/res/1.2/oV06Enfww.xjSzTDs6K5KQ--~B/Zmk9c3RyaW07aD0yODQ7cT04MDt3PTUzNjthcHBpZD15dGFjaHlvbg--/https://media.zenfs.com/en/insider_articles_922/65e93ee63f482792961773f6ad1e3f9a.cf.jpg
I love being a 'golf wife' and riding with my husband while he plays. It's not as boring as it sounds — and I've learned a lot.,0.97508085,INSIDER,"I don't golf, but I like being a ""golf wife"" and going with my husband when he plays. It makes our relationship stronger and we both get to relax.",https://s.yimg.com/uu/api/res/1.2/G6lbrm82uF6XSPvkIgp6Lw--~B/Zmk9c3RyaW07aD0yODQ7cT04MDt3PTUzNjthcHBpZD15dGFjaHlvbg--/https://media.zenfs.com/en/business_insider_articles_888/bb70000f1d793ab966f7cd6f5f39f90d.cf.jpg
Bill Gates reveals what he uses AI for most,0.18574083,Business Insider,"The founder and former CEO of Microsoft spends a lot of time in meetings in Teams, and says he regularly relies on the app's AI summaries.",https://s.yimg.com/uu/api/res/1.2/w8RsiFN5IoaZKtvI_xOo7Q--~B/Zmk9c3RyaW07aD0yODQ7cT04MDt3PTUzNjthcHBpZD15dGFjaHlvbg--/https://media.zenfs.com/en/business_insider_articles_888/52d5f9b2c62bbe63e34c1bced2d258e6.cf.jpg
"How Meghan Markle's style has evolved, from her Hollywood days to her post-royal life",0.14521833,Business Insider,"Meghan Markle's style became conservative when she met Prince Harry, but she wore daring looks as an actor. Now, she's embracing quiet luxury.",https://s.yimg.com/uu/api/res/1.2/vmg9zQsYmIHfvklHIg.bpw--~B/Zmk9c3RyaW07aD0yODQ7cT04MDt3PTUzNjthcHBpZD15dGFjaHlvbg--/https://media.zenfs.com/en/business_insider_articles_888/9493d4d3e7b657a5893352df53f5ce85.cf.jpg
"The rise of Airbnb CEO Brian Chesky, who overcame the COVID-19 travel slump and is now leading the company through rental crackdowns",0.83258224,Business Insider,"Brian Chesky, Airbnb's 43-year-old cofounder, had an unconventional path to Silicon Valley. Now his travel company is a household name.",https://s.yimg.com/uu/api/res/1.2/3eWLrEAzFpish0z8Scab8A--~B/Zmk9c3RyaW07aD0yODQ7cT04MDt3PTUzNjthcHBpZD15dGFjaHlvbg--/https://media.zenfs.com/en/miami_herald_mcclatchy_975/4b4ff399c273b3008d74c1659fca54aa.cf.jpg
Surgery for shoulder injury? Depends on your priorities,-0.23447917,Miami Herald,"Q: I recently fell off my bicycle and injured my left shoulder. I experienced severe pain, limited shoulder motion, and a bump on the top of my shoulder.",https://s.yimg.com/uu/api/res/1.2/iLIZEUix4BkwR7jWi3pYTA--~B/Zmk9c3RyaW07aD0yODQ7cT04MDt3PTUzNjthcHBpZD15dGFjaHlvbg--/https://media.zenfs.com/en/miami_herald_mcclatchy_975/a1cff55f9dc50aa585e2db0e731c2b6e.cf.jpg
"Cote’s NFL Week 1 picks: Dolphins-Jags, Aaron Rodgers’ Jets comeback, 5 big upsets &amp; the rest",-0.070643246,Miami Herald,"Week 1 of Greg Cote’s 34th year of NFL picks in the Miami Herald includes Dolphins-Jaguars, Aaron Rodgers’ comeback game, five big upsets and all the rest",https://s.yimg.com/uu/api/res/1.2/7HxHNA1v2pWmnz21DEx2Dg--~B/Zmk9c3RyaW07aD0yODQ7cT04MDt3PTUzNjthcHBpZD15dGFjaHlvbg--/https://media.zenfs.com/en/insider_articles_922/7060230da3c2b441954d1cac01aff22e.cf.jpg
Video,0.20887172,Space,SpaceX's Launch Pad 40 at the Cape Canaveral Space Force Station in Florida has been fitted with a chute for astronauts to use in case of emergency. Credit: Space.com | footage courtesy: SpaceX | edited by Steve Spaleta,https://s.yimg.com/uu/api/res/1.2/7zLYxUu66GHgQvN._D7TAw--~B/Zmk9c3RyaW07aD0yODQ7cT04MDt3PTUzNjthcHBpZD15dGFjaHlvbg--/https://media.zenfs.com/en/salon_articles_879/8d05aca6fc7775b60ba5238275d0abbe.cf.jpg
"I'm vegan, but the rest of my family isn't. These 7 Trader Joe's staples get all of us through the week.",0.79807264,INSIDER,"I'm the only person in my family who's vegan, but I'm do all the grocery shopping. Here's what I buy on (plant-based and not) at Trader Joe's.",https://s.yimg.com/uu/api/res/1.2/QRJI5DxoR26aqUpNRQkgqg--~B/Zmk9c3RyaW07aD0yODQ7cT04MDt3PTUzNjthcHBpZD15dGFjaHlvbg--/https://media.zenfs.com/en/business_insider_articles_888/c39458c4918382b85834b9c83f11c714.cf.jpg
Goldman Sachs report: Harris would likely boost the economy while Trump would stifle growth,0.35369715,Salon,Analysts said that Trump's policies on issues from tariffs and immigration could cut into U.S. GDP,https://s.yimg.com/uu/api/res/1.2/EEe2Elau8ekkdoBq85zWGw--~B/Zmk9c3RyaW07aD0yODQ7cT04MDt3PTUzNjthcHBpZD15dGFjaHlvbg--/https://media.zenfs.com/en/the_new_republic_521/c1965ce479ac4faaf115a34767b90b69.cf.jpg
Elon Musk is a Trump win away from serious federal power,-0.31017897,Business Insider,"Former President Donald Trump is taking a page out of Elon Musk's book, announcing a plan to create a commission to address government efficiency.",https://s.yimg.com/uu/api/res/1.2/7NHwYrOFrAM5Jn7lQSa8cQ--~B/Zmk9c3RyaW07aD0yODQ7cT04MDt3PTUzNjthcHBpZD15dGFjaHlvbg--/https://media.zenfs.com/en/thedailybeast.com/556b0f32157f698f7caa5bc57de1eb44.cf.jpg
Idiot Trump’s Own Words Could Come Back to Bite Him in Jan. 6 Trial,-0.89978,The New Republic,Donald Trump’s own admission that he lost “by a whisker” in 2020 could wreck his trial before it even begins.,https://s.yimg.com/uu/api/res/1.2/Vs0LKz_JHpRsNKtPOxL8_w--~B/Zmk9c3RyaW07aD0yODQ7cT04MDt3PTUzNjthcHBpZD15dGFjaHlvbg--/https://media.zenfs.com/en/miami_herald_mcclatchy_975/5cd82cb464a47315c26be9954343d6ea.cf.jpg
MAGA Congressman’s Wife Accuses Him of Being on Drugs,-0.6484273,The Daily Beast,"A MAGA congressman is being accused of being on drugs by his estranged wife in a bitter divorce and custody battle.Max Miller, a Donald Trump-aide-turned Ohio GOP congressman, revealed that he was alleged to be involved in “drug use” in court papers filed by him against Emily Moreno Miller, which were first reported by Cleveland.com.In the papers, Miller, 35, said his estranged wife, 30, had bolted when he was at work, leaving their home in the Cleveland suburb of Rocky River and moving to a $65",https://s.yimg.com/uu/api/res/1.2/RKvZfn_9sBoDBH43TZcZLQ--~B/Zmk9c3RyaW07aD0yODQ7cT04MDt3PTUzNjthcHBpZD15dGFjaHlvbg--/https://media.zenfs.com/en/miami_herald_mcclatchy_975/bfd504968f62e4648a5f8fedd7ad7f5c.cf.jpg
Mario Cristobal’s big task this season: Keeping Hurricanes ‘driven and hungry’ amid success,0.5938541,Miami Herald,The No. 12 Hurricanes enter their home opener against Florida A&amp;M with their highest ranking in the AP poll since the 2020 season.,https://s.yimg.com/uu/api/res/1.2/4D.Te1jtL837MF8tpXKGGg--~B/Zmk9c3RyaW07aD0yODQ7cT04MDt3PTUzNjthcHBpZD15dGFjaHlvbg--/https://media.zenfs.com/en/insider_articles_922/c7b252464895640ff8293054240aff09.cf.jpg
Liposuction or mastectomy can correct breast enlargement in young males,0.13227946,Miami Herald,"Q: Dr. Wolf, my son is 16 years old and appears to have an enlargement of his breast. He is embarrassed by it and would like to get it fixed. What is your recommendation and what exactly is it?",https://s.yimg.com/uu/api/res/1.2/te5J7HvudJAdGx2KfVeOBQ--~B/Zmk9c3RyaW07aD0yODQ7cT04MDt3PTUzNjthcHBpZD15dGFjaHlvbg--/https://media.zenfs.com/en/insider_articles_922/2f8d06f3c843c88f5b121d31d691fdc9.cf.jpg
"Oasis' reunion tour ticket sales were a mess. Now, authorities are zeroing in on Ticketmaster.",-0.89663434,INSIDER,"The UK is investigating Ticketmaster's Oasis ticket sales, examining the dynamic pricing model and potential breaches of consumer protection laws.",https://s.yimg.com/uu/api/res/1.2/1VtG.loo8djYLUDqWWyS0g--~B/Zmk9c3RyaW07aD0yODQ7cT04MDt3PTUzNjthcHBpZD15dGFjaHlvbg--/https://media.zenfs.com/en/business_insider_articles_888/bd70bcda3a7fc58fa9b06b43daa9f41c.cf.jpg
Michael Keaton says he's going to start using a version of his birth name — Michael Douglas,0.03961448,INSIDER,"Michael Keaton is the latest star to reveal that he'd prefer to use his birth name — in this case, Michael Douglas.",https://s.yimg.com/uu/api/res/1.2/tjrhs7npLTvM.akrPm4ZbA--~B/Zmk9c3RyaW07aD0yODQ7cT04MDt3PTUzNjthcHBpZD15dGFjaHlvbg--/https://media.zenfs.com/en/miami_herald_mcclatchy_975/68407b117a6fe231f3da21949656704e.cf.jpg
Video,0.20887172,Space,"The James Webb Space Telescope's Near-Infrared Camera (NIRCam) reveals a stunning view of star-forming region Sagittarius C (Sgr C). Reported to be around 300 light-years from the Milky Way’s central supermassive black hole, Sagittarius A*. Credit: Space.com | footage courtesy: NASA, ESA, CSA, STScI, S. Crowe (UVA), N. Bartmann (ESA/Webb) | edited by Steve Spaleta Music: In Stillness by Gavin Luke / courtesy of Epidemic Sound",https://s.yimg.com/uu/api/res/1.2/T9Zbhk5F7xDZzpEzc9CAMA--~B/Zmk9c3RyaW07aD0yODQ7cT04MDt3PTUzNjthcHBpZD15dGFjaHlvbg--/https://media.zenfs.com/en/thedailybeast.com/67a3122227d29e3dbad8fd9c299963ea.cf.jpg
A timeline of Elon Musk and Donald Trump's rocky relationship,-0.23842035,Business Insider,"Donald Trump and Elon Musk have had a fraught relationship, but now the two powerful men are close political allies.",https://s.yimg.com/uu/api/res/1.2/aztBkYAx6cXhiPFmsdRHww--~B/Zmk9c3RyaW07aD0yODQ7cT04MDt3PTUzNjthcHBpZD15dGFjaHlvbg--/https://media.zenfs.com/en/miami_herald_mcclatchy_975/69ae7962fe44419b0aab8509da4bc01d.cf.jpg
Police shut a lane of the Rickenbacker Causeway to investigate ‘suspicious package’,-0.42911828,Miami Herald,What we know so far.,https://s.yimg.com/uu/api/res/1.2/VTq.VSQNfDxp0r_8lwNgcg--~B/Zmk9c3RyaW07aD0yODQ7cT04MDt3PTUzNjthcHBpZD15dGFjaHlvbg--/https://media.zenfs.com/en/ktla_articles_362/4312865916660857b7cbff4dd2cb2377.cf.jpg
Doug Emhoff Says Friends Were Jealous of His Tim Walz ‘Bro Hug’,-0.4534257,The Daily Beast,"Second gentleman Doug Emhoff spent much of his new hour-long interview on Pod Save America extolling the virtues of his “super bada--” wife who “really gives a s--t” about the American people. But it was the moment when he discussed his newfound friendship with Kamala Harris’ running mate, Tim Walz, that he really lit up.Before they shared the stage at the Democratic ticket’s first joint rally in Philadelphia last month, Emhoff had only met Walz briefly once before. “Then I didn’t see him until",https://s.yimg.com/uu/api/res/1.2/1gg.oqz67Z9pByPaHitTZQ--~B/Zmk9c3RyaW07aD0yODQ7cT04MDt3PTUzNjthcHBpZD15dGFjaHlvbg--/https://media.zenfs.com/en/sacramento_bee_mcclatchy_569/ba77d208522bda75eba0fa45f29be4cf.cf.jpg
Corruption scandal in Haiti highlights shortcomings of U.S.-backed political transition,-0.8166452,Miami Herald,"“When you separate the power among nine presidents, you’ve multiplied the problems of the presidency by nine.”",https://s.yimg.com/uu/api/res/1.2/slEmKgt10.1BlHn9o77q9w--~B/Zmk9c3RyaW07aD0yODQ7cT04MDt3PTUzNjthcHBpZD15dGFjaHlvbg--/https://media.zenfs.com/en/miami_herald_mcclatchy_975/facb98cc4403d41b230a21489b839ea2.cf.jpg
Disney CEO Bob Iger and Willow Bay officially buy Angel City FC,0.5294981,KTLA articles,"A star-studded ownership group led by Disney CEO Bob Iger and his wife, journalist Willow Bay, have completed its historic purchase of a controlling interest of Angel City FC, the club announced on Thursday. The Los Angeles-based club became the most valuable franchise in the history of American women’s professional sports after the purchase, which […]",https://s.yimg.com/uu/api/res/1.2/nQTBhZjGN7gOPFDTPki4kw--~B/Zmk9c3RyaW07aD0yODQ7cT04MDt3PTUzNjthcHBpZD15dGFjaHlvbg--/https://media.zenfs.com/en/thedailybeast.com/a98c8cee983705b2f22965ab44a5c81e.cf.jpg
Ex-U.S. senator’s ‘dream’ home is near Lake Tahoe. See the ranch he’s selling for $3.4M,-0.10564939,Sacramento Bee,GOP’s Dean Heller bought the Nevada property in 2010. It has been a backdrop in campaign ads.,https://s.yimg.com/uu/api/res/1.2/pDQvJcTaeuQztCuqseONpw--~B/Zmk9c3RyaW07aD0yODQ7cT04MDt3PTUzNjthcHBpZD15dGFjaHlvbg--/https://media.zenfs.com/en/salon_articles_879/9593eb039387d10c6b52c4f888847faa.cf.jpg
Dolphins coaches address personnel questions on defense. And notes,-0.05911887,Miami Herald,"Dolphins coaches discuss plans at linebacker, edge rusher and safety. And notes.",https://s.yimg.com/uu/api/res/1.2/G.1rHH9I_o8Habw_etgogw--~B/Zmk9c3RyaW07aD0yODQ7cT04MDt3PTUzNjthcHBpZD15dGFjaHlvbg--/https://media.zenfs.com/en/salon_articles_879/41a71c0b4d0b9ad1af0451335df7e53c.cf.jpg
Hunter Biden Tries to Avoid Another Tawdry Trial With Guilty Plea,-0.23986885,The Daily Beast,"An attorney representing Hunter Biden told the federal judge presiding over his case Thursday that the recently convicted son of President Joe Biden intends to plead guilty in his $1.4 million tax evasion trial.“Mr. Biden intends to change his plea this morning,” attorney Abbe Lowell told U.S. District Judge Mark Scarsi on Thursday morning.Hunter, 54, had previously intended to maintain his innocence while conceding the prosecution has evidence against him worthy of a conviction, also known as a",https://s.yimg.com/uu/api/res/1.2/OtzsDdSrzeZ1FOZxwrsZSA--~B/Zmk9c3RyaW07aD0yODQ7cT04MDt3PTUzNjthcHBpZD15dGFjaHlvbg--/https://media.zenfs.com/en/sacramento_bee_mcclatchy_569/67dc4902f3cc162f28b719bc04802cc4.cf.jpg
"""Hunger in America is getting worse, not better"" according to an explosive new USDA report",-0.8562911,Salon,The USDA reports the highest levels of food insecurity in America in nearly a decade,https://s.yimg.com/uu/api/res/1.2/ypnkzbGba0uuLPbXlHMgiA--~B/Zmk9c3RyaW07aD0yODQ7cT04MDt3PTUzNjthcHBpZD15dGFjaHlvbg--/https://media.zenfs.com/en/thedailybeast.com/b67ccf223710f5e4c0acc05033555c54.cf.jpg
"""Information is power"": Leaked Trump campaign memo warns staff against leaking",-0.24680479,Salon,The message told staff members to refrain from jeopardizing Trump’s campaign by speaking to the press,https://s.yimg.com/cv/apiv2/default/20181001/360RR/header-3@2x.png
Mountain lion spotted on home surveillance camera in Northern California neighborhood,0.058695644,Sacramento Bee,Mountain lion sightings have grown in prominence since a deadly attack on two brothers last spring near Georgetown.,https://s.yimg.com/lo/api/res/1.2/t9xuX8XHDv9vPVSIAxGZeQ--~B/YXBwaWQ9eW15O2NvbnRleHQ9W29iamVjdCBPYmplY3RdO2kxM249W29iamVjdCBPYmplY3RdO21yc09wdGlvbnM9W29iamVjdCBPYmplY3RdO3JpZ2h0UmFpbD10cnVlO3R5cGU9bmV3cw--/https://s.yimg.com/ep/cx/blendr/v2/image-military-times-jpg_1725379717564.jpeg
Opinion: Alexander Vindman: Trump Trampled Arlington Heroes’ Graves. We Won’t Forget,-0.27126774,The Daily Beast,"Alexander Vindman, lieutenant colonel US Army (retired), was the director for European Affairs on the United States National Security Council. He is now a senior adviser to VoteVets, and runs the national security and defense think tank, the Institute for Informed American Leadership. His military awards include two Legions of Merit and the Purple Heart, having sustained wounds in an IED attack during the Iraq War.I wasn’t surprised when I saw the picture of Donald Trump making a thumbs-up sign,",https://s.yimg.com/lo/api/res/1.2/KwkCkzJU2SqWdEWeGO0OJQ--~B/YXBwaWQ9eW15O2NvbnRleHQ9W29iamVjdCBPYmplY3RdO2kxM249W29iamVjdCBPYmplY3RdO21yc09wdGlvbnM9W29iamVjdCBPYmplY3RdO3JpZ2h0UmFpbD10cnVlO3R5cGU9bmV3cw--/https://media-mbst-pub-ue1.s3.amazonaws.com/creatr-uploaded-images/2018-11/eed53b50-e30a-11e8-becf-e9c1a6508483
